CREATE TABLE vege(
   id      INTEGER  NOT NULL PRIMARY KEY 
  ,ut      VARCHAR(4) NOT NULL
  ,telepid INTEGER  NOT NULL
);
INSERT INTO vege(id,ut,telepid) VALUES (1,'M0',13);
INSERT INTO vege(id,ut,telepid) VALUES (2,'M0',20);
INSERT INTO vege(id,ut,telepid) VALUES (3,'M1',21);
INSERT INTO vege(id,ut,telepid) VALUES (4,'M1',54);
INSERT INTO vege(id,ut,telepid) VALUES (5,'M2',34);
INSERT INTO vege(id,ut,telepid) VALUES (6,'M2',94);
INSERT INTO vege(id,ut,telepid) VALUES (7,'M3',22);
INSERT INTO vege(id,ut,telepid) VALUES (8,'M3',10);
INSERT INTO vege(id,ut,telepid) VALUES (9,'M4',23);
INSERT INTO vege(id,ut,telepid) VALUES (10,'M4',84);
INSERT INTO vege(id,ut,telepid) VALUES (11,'M5',24);
INSERT INTO vege(id,ut,telepid) VALUES (12,'M5',99);
INSERT INTO vege(id,ut,telepid) VALUES (13,'M6',19);
INSERT INTO vege(id,ut,telepid) VALUES (14,'M6',59);
INSERT INTO vege(id,ut,telepid) VALUES (15,'M7',26);
INSERT INTO vege(id,ut,telepid) VALUES (16,'M7',74);
INSERT INTO vege(id,ut,telepid) VALUES (17,'M8',6);
INSERT INTO vege(id,ut,telepid) VALUES (18,'M8',3);
INSERT INTO vege(id,ut,telepid) VALUES (19,'M9',111);
INSERT INTO vege(id,ut,telepid) VALUES (20,'M9',89);
INSERT INTO vege(id,ut,telepid) VALUES (21,'M15',77);
INSERT INTO vege(id,ut,telepid) VALUES (22,'M15',97);
INSERT INTO vege(id,ut,telepid) VALUES (23,'M19',51);
INSERT INTO vege(id,ut,telepid) VALUES (24,'M19',51);
INSERT INTO vege(id,ut,telepid) VALUES (25,'M25',60);
INSERT INTO vege(id,ut,telepid) VALUES (26,'M25',38);
INSERT INTO vege(id,ut,telepid) VALUES (27,'M30',40);
INSERT INTO vege(id,ut,telepid) VALUES (28,'M30',118);
INSERT INTO vege(id,ut,telepid) VALUES (29,'M31',88);
INSERT INTO vege(id,ut,telepid) VALUES (30,'M31',45);
INSERT INTO vege(id,ut,telepid) VALUES (31,'M32',1);
INSERT INTO vege(id,ut,telepid) VALUES (32,'M32',62);
INSERT INTO vege(id,ut,telepid) VALUES (33,'M34',128);
INSERT INTO vege(id,ut,telepid) VALUES (34,'M34',131);
INSERT INTO vege(id,ut,telepid) VALUES (35,'M35',47);
INSERT INTO vege(id,ut,telepid) VALUES (36,'M35',11);
INSERT INTO vege(id,ut,telepid) VALUES (37,'M43',105);
INSERT INTO vege(id,ut,telepid) VALUES (38,'M43',27);
INSERT INTO vege(id,ut,telepid) VALUES (39,'M44',85);
INSERT INTO vege(id,ut,telepid) VALUES (40,'M44',9);
INSERT INTO vege(id,ut,telepid) VALUES (41,'M49',92);
INSERT INTO vege(id,ut,telepid) VALUES (42,'M49',28);
INSERT INTO vege(id,ut,telepid) VALUES (43,'M51',25);
INSERT INTO vege(id,ut,telepid) VALUES (44,'M51',33);
INSERT INTO vege(id,ut,telepid) VALUES (45,'M60',16);
INSERT INTO vege(id,ut,telepid) VALUES (46,'M60',8);
INSERT INTO vege(id,ut,telepid) VALUES (47,'M70',75);
INSERT INTO vege(id,ut,telepid) VALUES (48,'M70',117);
INSERT INTO vege(id,ut,telepid) VALUES (49,'M76',56);
INSERT INTO vege(id,ut,telepid) VALUES (50,'M76',70);
INSERT INTO vege(id,ut,telepid) VALUES (51,'M80',96);
INSERT INTO vege(id,ut,telepid) VALUES (52,'M80',71);
INSERT INTO vege(id,ut,telepid) VALUES (53,'M81',69);
INSERT INTO vege(id,ut,telepid) VALUES (54,'M81',101);
INSERT INTO vege(id,ut,telepid) VALUES (55,'M83',52);
INSERT INTO vege(id,ut,telepid) VALUES (56,'M83',93);
INSERT INTO vege(id,ut,telepid) VALUES (57,'M85',53);
INSERT INTO vege(id,ut,telepid) VALUES (58,'M85',103);
INSERT INTO vege(id,ut,telepid) VALUES (59,'M86',72);
INSERT INTO vege(id,ut,telepid) VALUES (60,'M86',78);
INSERT INTO vege(id,ut,telepid) VALUES (61,'M87',115);
INSERT INTO vege(id,ut,telepid) VALUES (62,'M87',73);
INSERT INTO vege(id,ut,telepid) VALUES (63,'M90',57);
INSERT INTO vege(id,ut,telepid) VALUES (64,'M90',107);
INSERT INTO vege(id,ut,telepid) VALUES (65,'M100',43);
INSERT INTO vege(id,ut,telepid) VALUES (66,'M100',4);

CREATE TABLE europa(
   ut     VARCHAR(3) NOT NULL
  ,eurout VARCHAR(4) NOT NULL
  ,PRIMARY KEY(ut,eurout)
);
INSERT INTO europa(ut,eurout) VALUES ('M0','E60');
INSERT INTO europa(ut,eurout) VALUES ('M0','E71');
INSERT INTO europa(ut,eurout) VALUES ('M0','E75');
INSERT INTO europa(ut,eurout) VALUES ('M0','E77');
INSERT INTO europa(ut,eurout) VALUES ('M1','E60');
INSERT INTO europa(ut,eurout) VALUES ('M1','E65');
INSERT INTO europa(ut,eurout) VALUES ('M1','E75');
INSERT INTO europa(ut,eurout) VALUES ('M15','E65');
INSERT INTO europa(ut,eurout) VALUES ('M15','E75');
INSERT INTO europa(ut,eurout) VALUES ('M2','E77');
INSERT INTO europa(ut,eurout) VALUES ('M3','E573');
INSERT INTO europa(ut,eurout) VALUES ('M3','E579');
INSERT INTO europa(ut,eurout) VALUES ('M3','E71');
INSERT INTO europa(ut,eurout) VALUES ('M3','E79');
INSERT INTO europa(ut,eurout) VALUES ('M30','E71');
INSERT INTO europa(ut,eurout) VALUES ('M30','E79');
INSERT INTO europa(ut,eurout) VALUES ('M31','E71');
INSERT INTO europa(ut,eurout) VALUES ('M34','E573');
INSERT INTO europa(ut,eurout) VALUES ('M35','E573');
INSERT INTO europa(ut,eurout) VALUES ('M35','E79');
INSERT INTO europa(ut,eurout) VALUES ('M4','E60');
INSERT INTO europa(ut,eurout) VALUES ('M4','E79');
INSERT INTO europa(ut,eurout) VALUES ('M43','E68');
INSERT INTO europa(ut,eurout) VALUES ('M5','E66');
INSERT INTO europa(ut,eurout) VALUES ('M5','E75');
INSERT INTO europa(ut,eurout) VALUES ('M6','E66');
INSERT INTO europa(ut,eurout) VALUES ('M6','E73');
INSERT INTO europa(ut,eurout) VALUES ('M7','E65');
INSERT INTO europa(ut,eurout) VALUES ('M7','E66');
INSERT INTO europa(ut,eurout) VALUES ('M7','E71');
INSERT INTO europa(ut,eurout) VALUES ('M70','E653');
INSERT INTO europa(ut,eurout) VALUES ('M8','E66');
INSERT INTO europa(ut,eurout) VALUES ('M80','E66');
INSERT INTO europa(ut,eurout) VALUES ('M86','E65');
INSERT INTO europa(ut,eurout) VALUES ('M90','E661');

CREATE TABLE telepules(
   id    INTEGER  NOT NULL PRIMARY KEY 
  ,ut    VARCHAR(4) NOT NULL
  ,nev   VARCHAR(17) NOT NULL
  ,hatar VARCHAR(12)
);
INSERT INTO telepules(id,ut,nev,hatar) VALUES (1,'M32','Abony',NULL);
INSERT INTO telepules(id,ut,nev,hatar) VALUES (2,'M4','Abony',NULL);
INSERT INTO telepules(id,ut,nev,hatar) VALUES (3,'M8','Abony',NULL);
INSERT INTO telepules(id,ut,nev,hatar) VALUES (4,'M100','Albertirsa',NULL);
INSERT INTO telepules(id,ut,nev,hatar) VALUES (5,'M4','Albertirsa',NULL);
INSERT INTO telepules(id,ut,nev,hatar) VALUES (6,'M7','Balatonfőkajár',NULL);
INSERT INTO telepules(id,ut,nev,hatar) VALUES (7,'M8','Balatonfőkajár',NULL);
INSERT INTO telepules(id,ut,nev,hatar) VALUES (8,'M60','Barcs','Horvátország');
INSERT INTO telepules(id,ut,nev,hatar) VALUES (9,'M44','Békéscsaba',NULL);
INSERT INTO telepules(id,ut,nev,hatar) VALUES (10,'M3','Beregdaróc','Ukrajna');
INSERT INTO telepules(id,ut,nev,hatar) VALUES (11,'M35','Berettyóújfalu',NULL);
INSERT INTO telepules(id,ut,nev,hatar) VALUES (12,'M4','Berettyóújfalu',NULL);
INSERT INTO telepules(id,ut,nev,hatar) VALUES (13,'M0','Biatorbágy',NULL);
INSERT INTO telepules(id,ut,nev,hatar) VALUES (14,'M1','Biatorbágy',NULL);
INSERT INTO telepules(id,ut,nev,hatar) VALUES (15,'M6','Bóly',NULL);
INSERT INTO telepules(id,ut,nev,hatar) VALUES (16,'M60','Bóly',NULL);
INSERT INTO telepules(id,ut,nev,hatar) VALUES (17,'M90','Bóly',NULL);
INSERT INTO telepules(id,ut,nev,hatar) VALUES (18,'M0','Budafok-Tétény',NULL);
INSERT INTO telepules(id,ut,nev,hatar) VALUES (19,'M6','Budafok-Tétény',NULL);
INSERT INTO telepules(id,ut,nev,hatar) VALUES (20,'M0','Budaörs',NULL);
INSERT INTO telepules(id,ut,nev,hatar) VALUES (21,'M1','Budapest',NULL);
INSERT INTO telepules(id,ut,nev,hatar) VALUES (22,'M3','Budapest',NULL);
INSERT INTO telepules(id,ut,nev,hatar) VALUES (23,'M4','Budapest',NULL);
INSERT INTO telepules(id,ut,nev,hatar) VALUES (24,'M5','Budapest',NULL);
INSERT INTO telepules(id,ut,nev,hatar) VALUES (25,'M51','Budapest',NULL);
INSERT INTO telepules(id,ut,nev,hatar) VALUES (26,'M7','Budapest',NULL);
INSERT INTO telepules(id,ut,nev,hatar) VALUES (27,'M43','Csanádpalota','Románia');
INSERT INTO telepules(id,ut,nev,hatar) VALUES (28,'M49','Csenger','Románia');
INSERT INTO telepules(id,ut,nev,hatar) VALUES (29,'M85','Csorna',NULL);
INSERT INTO telepules(id,ut,nev,hatar) VALUES (30,'M86','Csorna',NULL);
INSERT INTO telepules(id,ut,nev,hatar) VALUES (31,'M35','Debrecen',NULL);
INSERT INTO telepules(id,ut,nev,hatar) VALUES (32,'M0','Dunaharaszti',NULL);
INSERT INTO telepules(id,ut,nev,hatar) VALUES (33,'M51','Dunaharaszti',NULL);
INSERT INTO telepules(id,ut,nev,hatar) VALUES (34,'M0','Dunakeszi',NULL);
INSERT INTO telepules(id,ut,nev,hatar) VALUES (35,'M2','Dunakeszi',NULL);
INSERT INTO telepules(id,ut,nev,hatar) VALUES (36,'M6','Dunaújváros',NULL);
INSERT INTO telepules(id,ut,nev,hatar) VALUES (37,'M8','Dunaújváros',NULL);
INSERT INTO telepules(id,ut,nev,hatar) VALUES (38,'M25','Eger',NULL);
INSERT INTO telepules(id,ut,nev,hatar) VALUES (39,'M3','Emőd',NULL);
INSERT INTO telepules(id,ut,nev,hatar) VALUES (40,'M30','Emőd',NULL);
INSERT INTO telepules(id,ut,nev,hatar) VALUES (41,'M100','Ercsi',NULL);
INSERT INTO telepules(id,ut,nev,hatar) VALUES (42,'M6','Ercsi',NULL);
INSERT INTO telepules(id,ut,nev,hatar) VALUES (43,'M100','Esztergom','Szlovákia');
INSERT INTO telepules(id,ut,nev,hatar) VALUES (44,'M3','Gödöllő',NULL);
INSERT INTO telepules(id,ut,nev,hatar) VALUES (45,'M31','Gödöllő',NULL);
INSERT INTO telepules(id,ut,nev,hatar) VALUES (46,'M3','Görbeháza',NULL);
INSERT INTO telepules(id,ut,nev,hatar) VALUES (47,'M35','Görbeháza',NULL);
INSERT INTO telepules(id,ut,nev,hatar) VALUES (48,'M0','Gyál',NULL);
INSERT INTO telepules(id,ut,nev,hatar) VALUES (49,'M5','Gyál',NULL);
INSERT INTO telepules(id,ut,nev,hatar) VALUES (50,'M1','Győr',NULL);
INSERT INTO telepules(id,ut,nev,hatar) VALUES (51,'M19','Győr',NULL);
INSERT INTO telepules(id,ut,nev,hatar) VALUES (52,'M83','Győr',NULL);
INSERT INTO telepules(id,ut,nev,hatar) VALUES (53,'M85','Győr',NULL);
INSERT INTO telepules(id,ut,nev,hatar) VALUES (54,'M1','Hegyeshalom','Ausztria');
INSERT INTO telepules(id,ut,nev,hatar) VALUES (55,'M7','Hollád',NULL);
INSERT INTO telepules(id,ut,nev,hatar) VALUES (56,'M76','Hollád',NULL);
INSERT INTO telepules(id,ut,nev,hatar) VALUES (57,'M90','Hollád',NULL);
INSERT INTO telepules(id,ut,nev,hatar) VALUES (58,'M2','Hont',NULL);
INSERT INTO telepules(id,ut,nev,hatar) VALUES (59,'M6','Ivándárda','Horvátország');
INSERT INTO telepules(id,ut,nev,hatar) VALUES (60,'M25','Kál',NULL);
INSERT INTO telepules(id,ut,nev,hatar) VALUES (61,'M3','Kál',NULL);
INSERT INTO telepules(id,ut,nev,hatar) VALUES (62,'M32','Kál',NULL);
INSERT INTO telepules(id,ut,nev,hatar) VALUES (63,'M90','Kaposvár',NULL);
INSERT INTO telepules(id,ut,nev,hatar) VALUES (64,'M5','Kecskemét',NULL);
INSERT INTO telepules(id,ut,nev,hatar) VALUES (65,'M8','Kecskemét',NULL);
INSERT INTO telepules(id,ut,nev,hatar) VALUES (66,'M76','Keszthely',NULL);
INSERT INTO telepules(id,ut,nev,hatar) VALUES (67,'M1','Kisigmánd',NULL);
INSERT INTO telepules(id,ut,nev,hatar) VALUES (68,'M81','Kisigmánd',NULL);
INSERT INTO telepules(id,ut,nev,hatar) VALUES (69,'M81','Komárom','Szlovákia');
INSERT INTO telepules(id,ut,nev,hatar) VALUES (70,'M76','Körmend',NULL);
INSERT INTO telepules(id,ut,nev,hatar) VALUES (71,'M80','Körmend',NULL);
INSERT INTO telepules(id,ut,nev,hatar) VALUES (72,'M86','Körmend',NULL);
INSERT INTO telepules(id,ut,nev,hatar) VALUES (73,'M87','Kőszeg','Ausztria');
INSERT INTO telepules(id,ut,nev,hatar) VALUES (74,'M7','Letenye','Horvátország');
INSERT INTO telepules(id,ut,nev,hatar) VALUES (75,'M70','Letenye',NULL);
INSERT INTO telepules(id,ut,nev,hatar) VALUES (76,'M1','Levél',NULL);
INSERT INTO telepules(id,ut,nev,hatar) VALUES (77,'M15','Levél',NULL);
INSERT INTO telepules(id,ut,nev,hatar) VALUES (78,'M86','Levél',NULL);
INSERT INTO telepules(id,ut,nev,hatar) VALUES (79,'M43','Makó',NULL);
INSERT INTO telepules(id,ut,nev,hatar) VALUES (80,'M100','Martonvásár',NULL);
INSERT INTO telepules(id,ut,nev,hatar) VALUES (81,'M49','Mátészalka',NULL);
INSERT INTO telepules(id,ut,nev,hatar) VALUES (82,'M30','Miskolc',NULL);
INSERT INTO telepules(id,ut,nev,hatar) VALUES (83,'M7','Nagykanizsa',NULL);
INSERT INTO telepules(id,ut,nev,hatar) VALUES (84,'M4','Nagykereki','Románia');
INSERT INTO telepules(id,ut,nev,hatar) VALUES (85,'M44','Nagykőrös',NULL);
INSERT INTO telepules(id,ut,nev,hatar) VALUES (86,'M8','Nagykőrös',NULL);
INSERT INTO telepules(id,ut,nev,hatar) VALUES (87,'M0','Nagytarcsa',NULL);
INSERT INTO telepules(id,ut,nev,hatar) VALUES (88,'M31','Nagytarcsa',NULL);
INSERT INTO telepules(id,ut,nev,hatar) VALUES (89,'M9','Nemesnádudvar',NULL);
INSERT INTO telepules(id,ut,nev,hatar) VALUES (90,'M3','Nyíregyháza',NULL);
INSERT INTO telepules(id,ut,nev,hatar) VALUES (91,'M3','Őr',NULL);
INSERT INTO telepules(id,ut,nev,hatar) VALUES (92,'M49','Őr',NULL);
INSERT INTO telepules(id,ut,nev,hatar) VALUES (93,'M83','Pápa',NULL);
INSERT INTO telepules(id,ut,nev,hatar) VALUES (94,'M2','Parasapuszta','Szlovákia');
INSERT INTO telepules(id,ut,nev,hatar) VALUES (95,'M60','Pécs',NULL);
INSERT INTO telepules(id,ut,nev,hatar) VALUES (96,'M80','Rábafüzes','Ausztria');
INSERT INTO telepules(id,ut,nev,hatar) VALUES (97,'M15','Rajka','Szlovákia');
INSERT INTO telepules(id,ut,nev,hatar) VALUES (98,'M2','Rétság',NULL);
INSERT INTO telepules(id,ut,nev,hatar) VALUES (99,'M5','Röszke','Szerbia');
INSERT INTO telepules(id,ut,nev,hatar) VALUES (100,'M8','Sárbogárd',NULL);
INSERT INTO telepules(id,ut,nev,hatar) VALUES (101,'M81','Sárbogárd',NULL);
INSERT INTO telepules(id,ut,nev,hatar) VALUES (102,'M7','Siófok',NULL);
INSERT INTO telepules(id,ut,nev,hatar) VALUES (103,'M85','Sopron','Ausztria');
INSERT INTO telepules(id,ut,nev,hatar) VALUES (104,'M44','Szarvas',NULL);
INSERT INTO telepules(id,ut,nev,hatar) VALUES (105,'M43','Szeged',NULL);
INSERT INTO telepules(id,ut,nev,hatar) VALUES (106,'M5','Szeged',NULL);
INSERT INTO telepules(id,ut,nev,hatar) VALUES (107,'M90','Szeged',NULL);
INSERT INTO telepules(id,ut,nev,hatar) VALUES (108,'M7','Székesfehérvár',NULL);
INSERT INTO telepules(id,ut,nev,hatar) VALUES (109,'M81','Székesfehérvár',NULL);
INSERT INTO telepules(id,ut,nev,hatar) VALUES (110,'M6','Szekszárd',NULL);
INSERT INTO telepules(id,ut,nev,hatar) VALUES (111,'M9','Szekszárd',NULL);
INSERT INTO telepules(id,ut,nev,hatar) VALUES (112,'M60','Szigetvár',NULL);
INSERT INTO telepules(id,ut,nev,hatar) VALUES (113,'M90','Szigetvár',NULL);
INSERT INTO telepules(id,ut,nev,hatar) VALUES (114,'M86','Szombathely',NULL);
INSERT INTO telepules(id,ut,nev,hatar) VALUES (115,'M87','Szombathely',NULL);
INSERT INTO telepules(id,ut,nev,hatar) VALUES (116,'M90','Tompa',NULL);
INSERT INTO telepules(id,ut,nev,hatar) VALUES (117,'M70','Tornyiszentmiklós','Szlovénia');
INSERT INTO telepules(id,ut,nev,hatar) VALUES (118,'M30','Tornyosnémeti','Szlovákia');
INSERT INTO telepules(id,ut,nev,hatar) VALUES (119,'M0','Törökbálint',NULL);
INSERT INTO telepules(id,ut,nev,hatar) VALUES (120,'M7','Törökbálint',NULL);
INSERT INTO telepules(id,ut,nev,hatar) VALUES (121,'M100','Újhartyán',NULL);
INSERT INTO telepules(id,ut,nev,hatar) VALUES (122,'M5','Újhartyán',NULL);
INSERT INTO telepules(id,ut,nev,hatar) VALUES (123,'M0','Újpalota',NULL);
INSERT INTO telepules(id,ut,nev,hatar) VALUES (124,'M3','Újpalota',NULL);
INSERT INTO telepules(id,ut,nev,hatar) VALUES (125,'M0','Üröm',NULL);
INSERT INTO telepules(id,ut,nev,hatar) VALUES (126,'M2','Vác',NULL);
INSERT INTO telepules(id,ut,nev,hatar) VALUES (127,'M3','Vásárosnamény',NULL);
INSERT INTO telepules(id,ut,nev,hatar) VALUES (128,'M34','Vásárosnamény',NULL);
INSERT INTO telepules(id,ut,nev,hatar) VALUES (129,'M0','Vecsés',NULL);
INSERT INTO telepules(id,ut,nev,hatar) VALUES (130,'M4','Vecsés',NULL);
INSERT INTO telepules(id,ut,nev,hatar) VALUES (131,'M34','Záhony','Ukrajna');
INSERT INTO telepules(id,ut,nev,hatar) VALUES (132,'M76','Zalaegerszeg',NULL);

CREATE TABLE palya(
   ut   VARCHAR(4) NOT NULL PRIMARY KEY
  ,kesz INTEGER  NOT NULL
  ,epul INTEGER  NOT NULL
  ,terv INTEGER  NOT NULL
);
INSERT INTO palya(ut,kesz,epul,terv) VALUES ('M0',76,0,32);
INSERT INTO palya(ut,kesz,epul,terv) VALUES ('M1',159,0,0);
INSERT INTO palya(ut,kesz,epul,terv) VALUES ('M2',30,0,38);
INSERT INTO palya(ut,kesz,epul,terv) VALUES ('M3',269,0,27);
INSERT INTO palya(ut,kesz,epul,terv) VALUES ('M4',98,27,97);
INSERT INTO palya(ut,kesz,epul,terv) VALUES ('M5',160,0,0);
INSERT INTO palya(ut,kesz,epul,terv) VALUES ('M6',175,19,0);
INSERT INTO palya(ut,kesz,epul,terv) VALUES ('M7',226,0,0);
INSERT INTO palya(ut,kesz,epul,terv) VALUES ('M8',10,0,153);
INSERT INTO palya(ut,kesz,epul,terv) VALUES ('M9',21,0,10);
INSERT INTO palya(ut,kesz,epul,terv) VALUES ('M15',14,0,0);
INSERT INTO palya(ut,kesz,epul,terv) VALUES ('M19',9,0,0);
INSERT INTO palya(ut,kesz,epul,terv) VALUES ('M25',18,0,0);
INSERT INTO palya(ut,kesz,epul,terv) VALUES ('M30',28,56,0);
INSERT INTO palya(ut,kesz,epul,terv) VALUES ('M31',12,0,0);
INSERT INTO palya(ut,kesz,epul,terv) VALUES ('M32',0,0,63);
INSERT INTO palya(ut,kesz,epul,terv) VALUES ('M34',0,0,36);
INSERT INTO palya(ut,kesz,epul,terv) VALUES ('M35',67,0,0);
INSERT INTO palya(ut,kesz,epul,terv) VALUES ('M43',57,0,0);
INSERT INTO palya(ut,kesz,epul,terv) VALUES ('M44',76,14,20);
INSERT INTO palya(ut,kesz,epul,terv) VALUES ('M49',0,0,45);
INSERT INTO palya(ut,kesz,epul,terv) VALUES ('M51',4,0,0);
INSERT INTO palya(ut,kesz,epul,terv) VALUES ('M60',31,0,66);
INSERT INTO palya(ut,kesz,epul,terv) VALUES ('M70',21,0,0);
INSERT INTO palya(ut,kesz,epul,terv) VALUES ('M76',6,3,74);
INSERT INTO palya(ut,kesz,epul,terv) VALUES ('M80',7,21,0);
INSERT INTO palya(ut,kesz,epul,terv) VALUES ('M81',0,0,114);
INSERT INTO palya(ut,kesz,epul,terv) VALUES ('M83',0,36,0);
INSERT INTO palya(ut,kesz,epul,terv) VALUES ('M85',89,6,0);
INSERT INTO palya(ut,kesz,epul,terv) VALUES ('M86',64,0,58);
INSERT INTO palya(ut,kesz,epul,terv) VALUES ('M87',1,0,21);
INSERT INTO palya(ut,kesz,epul,terv) VALUES ('M90',0,0,221);
INSERT INTO palya(ut,kesz,epul,terv) VALUES ('M100',0,0,126);
